Author,Comment,LikeCount,PublishedAt
@Akila18888,Hantu bohongan guys itu dibantuin dibantuin itu mah Taman prank guys,0,2025-03-17T02:56:23Z
@marijanecrisostomo3581,😮😮,0,2025-03-07T11:37:26Z
@Mikayla-qo6fv,🤮🤮🤮🤮🤮🤮🤮,0,2025-03-01T11:56:41Z
@estakafr4121,Yo quiero volver a ser yo 😭 😞,0,2025-02-27T16:18:26Z
@citayurida231,rat dance,0,2025-02-25T11:52:24Z
@toherful,Maksudnya apa,0,2025-02-22T22:30:44Z
@espingoles8dijj7,"𝐷𝐎Я𝘈𝟩7 gacor, ga ada matinya",0,2025-02-21T18:48:22Z
@espinalsj12pTo,𝘋𝑂𝑅𝐀77 win streak parah!,0,2025-02-21T18:48:22Z
@esperantoxwmtwyO,"𝐷𝐎𝐑A𝟽7, cuan terus!",0,2025-02-21T18:48:20Z
@espingoles8dijj7,"Depo kecil, mekswin besar di 𝐃𝙊𝘙A7𝟩",0,2025-02-21T18:48:11Z
@espinalsj12pTo,"maen di 𝘋OЯ𝘼𝟕𝟩, jepey langsung",0,2025-02-21T18:48:10Z
@esperantoxwmtwyO,𝘿𝙊Я𝘼𝟩7 Depo dikit lunas utang cok,0,2025-02-21T18:48:10Z
@MayankYadav-vu8td,You are not Zach king,0,2025-02-14T09:17:06Z
@nguyenthitramy4949,Cái quần gì mà nhỏ dữ,0,2025-02-11T11:37:16Z
@ArdiYansah-b8b,Zachking&#39;s twin,0,2025-02-07T22:57:49Z
@Kean_Lacey,Dude I see where the things go and where it is learn from Zach King😂,0,2025-02-07T01:34:59Z
@aspirantgirl9,Wow amazing😍🤩 video,1,2025-02-05T08:35:37Z
@Ch3l.zz_i,The power of perspective.,0,2025-02-03T13:21:28Z
@DexterDanias,Your not Zack King bro but keep trying,0,2025-02-02T23:45:41Z
@ArianneSanchez-is5mj,I see the metal bar,0,2025-02-01T05:11:14Z
@elainepereira2265,A mita quer fazer gogogogogogoogogogogoggo,0,2025-02-01T02:28:37Z
@AhmadAmboko,😮,1,2025-01-30T23:49:55Z
@ricardoramosrrp,"Mostrar os bastidores acaba com a ilusão da cena, 😢😢😢",0,2025-01-29T18:58:50Z
@LilianaRomero-q5u,Tontos,0,2025-01-27T17:32:08Z
@KominTon-f5r,😂😂😂พรคตะัึคด้้เเ่ร,0,2025-01-26T17:33:01Z
@KominTon-f5r,ดวดยกาก่กยกั🎉😂😂😂,2,2025-01-26T17:31:48Z
@abualzahid1082,Siapa sih yang celananya si kecil itu😂,0,2025-01-26T08:20:36Z
@ZacharyBirung-y2h,Tha basket jest fall😂,0,2025-01-21T02:09:40Z
@randommusic2729,Ok we can tell,0,2025-01-20T22:49:52Z
@rodrigoarganaraz9611,😮😅,0,2025-01-17T21:56:10Z
@JulietteTorree,No entendí,0,2025-01-11T18:54:09Z
@TuncayTuncel-yo9ih,ذ:😭😭😭😭😭😭😭😭😔🤧🤫💜💜💜💜💜,0,2025-01-08T11:56:30Z
@danangtri6031,Sayangnya videonya masih belum sempurna jika pakaian yang 1 di tarik maka seharuanya yg lain bergerak karena tarikan dari pakaian yg lain membuat tali bergoyang dan seharuanya pakaian yg lain bergoyang tapi di videoa tidak...,0,2025-01-08T07:20:21Z
@hzsith8625,"Nah you want to be Zach king but there is mistake, the paint. And the clothesline, the rope doesn&#39;t seem to follow the pants",0,2025-01-06T13:23:11Z
@Mon-kx1cs,Un juego de perspectiva,0,2025-01-06T11:10:51Z
@STEVAINA,😢 No te preocupes que yo te lo voy a mandar a ti y tú me lo mandas a mí y yo te lo mando a ti y yo te lo envío a ti y ya está y ya está y ya está,0,2025-01-02T17:48:50Z
@jiaquanlee1816,有破绽，继续努力🎉,0,2025-01-02T15:44:35Z
@АюурзанаЦэцгээ,😂😂😂😂,0,2024-12-24T12:10:44Z
@AlmaGraceLadia,Team fake,0,2024-12-21T11:25:28Z
@NumeraSeven,Illusion,0,2024-12-14T12:39:43Z
@DwiWati-lk8je,🔵blue🔵,0,2024-11-10T03:57:07Z
@SuDarmin-t4o,😂😂😂😂👏👍👍,0,2024-10-27T01:30:38Z
@11.MahsaAnindyaabegayle,Tabi aku lihat aba yang pakek dahasa arad❤❤❤❤❤❤,0,2024-10-18T09:44:55Z
@KhungThonBuRee,ตัตต่อไม่เนียนไปเรียนมาใหม่นะน้อง,0,2024-10-18T04:31:35Z
@artthefox3151,Chết do st bùa đỏ chăng sau khi hết bất tử chăng?,0,2024-10-18T00:59:34Z
@SheAlmighty,That’s a huge t shirt👀👀,0,2024-10-17T05:05:40Z
@B_D_A_2007,مستوى جيد جداً ❤❤,2,2024-10-16T20:57:59Z
@MirianFelinto,❤❤,0,2024-10-15T03:39:31Z
@NANDÃOXJ6,Perspectiva 😂,0,2024-10-12T11:40:40Z
@tlmcc2906,Đcuxjckdkdh,0,2024-10-11T10:39:29Z
